{
    "test": "test",
    "results": {
        "Test": {
            "workflow": "Test",
            "stats": {
                "succeeded": 1223234,
                "failed": 2290,
                "executed": 1225524
            },
            "results": [
                {
                    "workflow": "Test",
                    "step": "login",
                    "timings": {
                        "total": {
                            "max": 4.463663637987338,
                            "min": 0.03580142999999225,
                            "mean": 0.19362994465553246,
                            "med": 0.10658957349369302,
                            "stdev": 0.25517166876991065,
                            "var": 0.06511258068858089,
                            "mad": 0.15728278223280226,
                            "10th_quantile": 0.04028766668634489,
                            "20th_quantile": 0.04678345851134509,
                            "25th_quantile": 0.05342029099119827,
                            "30th_quantile": 0.06243828803417273,
                            "40th_quantile": 0.08351034909719601,
                            "50th_quantile": 0.10658957349369302,
                            "60th_quantile": 0.13381661330349742,
                            "70th_quantile": 0.1757032322522718,
                            "75th_quantile": 0.2041777724516578,
                            "80th_quantile": 0.24084313681814823,
                            "90th_quantile": 0.48942973909433923,
                            "99th_quantile": 1.188592316341819
                        },
                        "connecting": {
                            "max": 3.8916908890241757,
                            "min": 4.37907874584198e-06,
                            "mean": 0.003571900714929615,
                            "med": 1.6881036572158337e-05,
                            "stdev": 0.074308326736964,
                            "var": 0.005521851047418477,
                            "mad": 0.0070879803566217,
                            "10th_quantile": 7.705012103542686e-06,
                            "20th_quantile": 1.0054500307887793e-05,
                            "25th_quantile": 1.1503056157380342e-05,
                            "30th_quantile": 1.3923097867518662e-05,
                            "40th_quantile": 1.5792495105415583e-05,
                            "50th_quantile": 1.6881036572158337e-05,
                            "60th_quantile": 1.8109357915818693e-05,
                            "70th_quantile": 1.9658473320305347e-05,
                            "75th_quantile": 2.0369654521346092e-05,
                            "80th_quantile": 2.1120323799550535e-05,
                            "90th_quantile": 2.3255310952663426e-05,
                            "99th_quantile": 3.514485899358992e-05
                        },
                        "writing": {
                            "max": 0.001753862015902996,
                            "min": 4.059984348714352e-06,
                            "mean": 2.468012734592342e-05,
                            "med": 2.272450365126133e-05,
                            "stdev": 1.2174578682176502e-05,
                            "var": 1.4822218499689512e-10,
                            "mad": 8.493306592289759e-06,
                            "10th_quantile": 9.528023656457663e-06,
                            "20th_quantile": 1.7477304209023713e-05,
                            "25th_quantile": 1.8747261492535472e-05,
                            "30th_quantile": 1.964517869055271e-05,
                            "40th_quantile": 2.123501617461443e-05,
                            "50th_quantile": 2.272450365126133e-05,
                            "60th_quantile": 2.521248534321785e-05,
                            "70th_quantile": 2.9651215299963944e-05,
                            "75th_quantile": 3.171199932694435e-05,
                            "80th_quantile": 3.3724051900208e-05,
                            "90th_quantile": 3.888530191034078e-05,
                            "99th_quantile": 5.082959716673941e-05
                        },
                        "reading": {
                            "max": 3.1529206009581685,
                            "min": 0.0357707729563117,
                            "mean": 0.18974788364325368,
                            "med": 0.10610351074137725,
                            "stdev": 0.24191246645868825,
                            "var": 0.05852183132611457,
                            "mad": 0.1520860921779975,
                            "10th_quantile": 0.04023631740128622,
                            "20th_quantile": 0.04663282412802801,
                            "25th_quantile": 0.053193699510302395,
                            "30th_quantile": 0.06211607647128403,
                            "40th_quantile": 0.08301884308457375,
                            "50th_quantile": 0.10610351074137725,
                            "60th_quantile": 0.1330248697078787,
                            "70th_quantile": 0.17437996239168568,
                            "75th_quantile": 0.20247942676360253,
                            "80th_quantile": 0.23857998922467238,
                            "90th_quantile": 0.48120956321363345,
                            "99th_quantile": 1.1452231613907493
                        }
                    },
                    "counts": {
                        "succeeded": 1223234,
                        "failed": 2290,
                        "executed": 1225524,
                        "statuses": {
                            "200": 1223234,
                            "502": 2290
                        }
                    },
                    "contexts": []
                }
            ],
            "checks": [],
            "metrics": [],
            "run_id": 27179957799419032182784,
            "rps": 20088.886444713753,
            "elapsed": 61.00507379404735
        }
    }
}