{
    "test": "test",
    "results": {
        "Test": {
            "workflow": "Test",
            "stats": {
                "succeeded": 900431,
                "failed": 2974,
                "executed": 903405
            },
            "results": [
                {
                    "workflow": "Test",
                    "step": "login",
                    "timings": {
                        "total": {
                            "max": 4.592291565029882,
                            "min": 0.0352843520231545,
                            "mean": 0.2626135728761563,
                            "med": 0.13013704196782783,
                            "stdev": 0.33284424981442473,
                            "var": 0.11078530280058141,
                            "mad": 0.2300164613305158,
                            "10th_quantile": 0.04116082610562444,
                            "20th_quantile": 0.052607831801287835,
                            "25th_quantile": 0.0628562884812709,
                            "30th_quantile": 0.07484072398510762,
                            "40th_quantile": 0.10043094709981233,
                            "50th_quantile": 0.13013704196782783,
                            "60th_quantile": 0.17074475740082562,
                            "70th_quantile": 0.22957032254780635,
                            "75th_quantile": 0.28232428438786883,
                            "80th_quantile": 0.4084386073285718,
                            "90th_quantile": 0.7156360251363367,
                            "99th_quantile": 1.5806482666759996
                        },
                        "connecting": {
                            "max": 3.74799928907305,
                            "min": 4.210043698549271e-06,
                            "mean": 0.004653614425725266,
                            "med": 1.6712991055101156e-05,
                            "stdev": 0.08119514223733411,
                            "var": 0.0065926682913623556,
                            "mad": 0.009233190485706349,
                            "10th_quantile": 7.673143409192562e-06,
                            "20th_quantile": 9.598012547940016e-06,
                            "25th_quantile": 1.0491028660908341e-05,
                            "30th_quantile": 1.2104143388569355e-05,
                            "40th_quantile": 1.5292945317924025e-05,
                            "50th_quantile": 1.6712991055101156e-05,
                            "60th_quantile": 1.8244911916553975e-05,
                            "70th_quantile": 1.9728962797671556e-05,
                            "75th_quantile": 2.043944550678134e-05,
                            "80th_quantile": 2.118302509188652e-05,
                            "90th_quantile": 2.3425504332408308e-05,
                            "99th_quantile": 3.777423233259468e-05
                        },
                        "writing": {
                            "max": 0.0009491529781371355,
                            "min": 3.921915777027607e-06,
                            "mean": 2.5104300274279412e-05,
                            "med": 2.30619334615767e-05,
                            "stdev": 1.2784149863526101e-05,
                            "var": 1.634345003807408e-10,
                            "mad": 8.832607628487134e-06,
                            "10th_quantile": 9.946833597496151e-06,
                            "20th_quantile": 1.7072667833417655e-05,
                            "25th_quantile": 1.8349033780395985e-05,
                            "30th_quantile": 1.935247564688325e-05,
                            "40th_quantile": 2.114139497280121e-05,
                            "50th_quantile": 2.30619334615767e-05,
                            "60th_quantile": 2.6584346778690814e-05,
                            "70th_quantile": 3.064312040805817e-05,
                            "75th_quantile": 3.241701051592827e-05,
                            "80th_quantile": 3.4315185621380814e-05,
                            "90th_quantile": 3.904492477886379e-05,
                            "99th_quantile": 5.127233336679633e-05
                        },
                        "reading": {
                            "max": 4.350247683003545,
                            "min": 0.035252867033705115,
                            "mean": 0.25760909449377817,
                            "med": 0.1290368192421738,
                            "stdev": 0.32554062887169055,
                            "var": 0.10597673691667406,
                            "mad": 0.2241422987520763,
                            "10th_quantile": 0.041090982919558885,
                            "20th_quantile": 0.05233141494682059,
                            "25th_quantile": 0.06228498698328622,
                            "30th_quantile": 0.07419990594498813,
                            "40th_quantile": 0.09967619457747787,
                            "50th_quantile": 0.1290368192421738,
                            "60th_quantile": 0.16895151536446062,
                            "70th_quantile": 0.22693433521781115,
                            "75th_quantile": 0.2779079440078931,
                            "80th_quantile": 0.39687307374551906,
                            "90th_quantile": 0.6917172369896436,
                            "99th_quantile": 1.5541697039734572
                        }
                    },
                    "counts": {
                        "succeeded": 900431,
                        "failed": 2974,
                        "executed": 903405,
                        "statuses": {
                            "200": 900431,
                            "502": 2974
                        }
                    },
                    "contexts": []
                }
            ],
            "checks": [],
            "metrics": [],
            "run_id": 43709397304355121111054,
            "rps": 14881.285212614253,
            "elapsed": 60.70745819952572
        }
    }
}