{
    "test": "test",
    "results": {
        "Test": {
            "workflow": "Test",
            "stats": {
                "succeeded": 1159913,
                "failed": 2374,
                "executed": 1162287
            },
            "results": [
                {
                    "workflow": "Test",
                    "step": "login",
                    "timings": {
                        "total": {
                            "max": 4.762635232997127,
                            "min": 0.035885063000023365,
                            "mean": 0.2070774745031303,
                            "med": 0.12086068876669742,
                            "stdev": 0.2563861545233268,
                            "var": 0.06573393199224195,
                            "mad": 0.16113471302570181,
                            "10th_quantile": 0.04133031868259422,
                            "20th_quantile": 0.05346185502130539,
                            "25th_quantile": 0.06348756197257899,
                            "30th_quantile": 0.07455269933561795,
                            "40th_quantile": 0.0974675204604864,
                            "50th_quantile": 0.12086068876669742,
                            "60th_quantile": 0.14913951200433076,
                            "70th_quantile": 0.18907067467807792,
                            "75th_quantile": 0.2163276341452729,
                            "80th_quantile": 0.25480949339689696,
                            "90th_quantile": 0.516271795652574,
                            "99th_quantile": 1.193638013646705
                        },
                        "connecting": {
                            "max": 4.0906945479800925,
                            "min": 4.4209882616996765e-06,
                            "mean": 0.003804418532581867,
                            "med": 1.6838253941386938e-05,
                            "stdev": 0.07342885182059022,
                            "var": 0.005392495191715717,
                            "mad": 0.007549384176682486,
                            "10th_quantile": 7.71605409681797e-06,
                            "20th_quantile": 9.952462278306484e-06,
                            "25th_quantile": 1.1169497156515718e-05,
                            "30th_quantile": 1.3579311780631542e-05,
                            "40th_quantile": 1.571356551721692e-05,
                            "50th_quantile": 1.6838253941386938e-05,
                            "60th_quantile": 1.8116284627467395e-05,
                            "70th_quantile": 1.968732103705406e-05,
                            "75th_quantile": 2.0377847249619663e-05,
                            "80th_quantile": 2.1112465765327217e-05,
                            "90th_quantile": 2.3214262910187244e-05,
                            "99th_quantile": 3.5459672799333925e-05
                        },
                        "writing": {
                            "max": 0.0004637510282918811,
                            "min": 3.9690639823675156e-06,
                            "mean": 2.4747799417593688e-05,
                            "med": 2.2730760974809527e-05,
                            "stdev": 1.2259475415720621e-05,
                            "var": 1.502948179594914e-10,
                            "mad": 8.487596321627638e-06,
                            "10th_quantile": 9.518710430711508e-06,
                            "20th_quantile": 1.7367512919008734e-05,
                            "25th_quantile": 1.8653328879736364e-05,
                            "30th_quantile": 1.9572500605136156e-05,
                            "40th_quantile": 2.1192478016018867e-05,
                            "50th_quantile": 2.2730760974809527e-05,
                            "60th_quantile": 2.5461881887167695e-05,
                            "70th_quantile": 2.988904598169029e-05,
                            "75th_quantile": 3.1867006327956915e-05,
                            "80th_quantile": 3.373950021341443e-05,
                            "90th_quantile": 3.857770934700966e-05,
                            "99th_quantile": 5.052374734077602e-05
                        },
                        "reading": {
                            "max": 3.9362462119897828,
                            "min": 0.03584752790629864,
                            "mean": 0.2028661473771164,
                            "med": 0.1202530897280667,
                            "stdev": 0.2459433712093249,
                            "var": 0.06048822776233077,
                            "mad": 0.15618295503157675,
                            "10th_quantile": 0.04126997129060328,
                            "20th_quantile": 0.05326834102161229,
                            "25th_quantile": 0.06305921498278622,
                            "30th_quantile": 0.07409018403850495,
                            "40th_quantile": 0.09689553714124485,
                            "50th_quantile": 0.1202530897280667,
                            "60th_quantile": 0.14829490551492197,
                            "70th_quantile": 0.18767410686123187,
                            "75th_quantile": 0.21457062949775718,
                            "80th_quantile": 0.25195686516817656,
                            "90th_quantile": 0.508058403217001,
                            "99th_quantile": 1.15452134770283
                        }
                    },
                    "counts": {
                        "succeeded": 1159913,
                        "failed": 2374,
                        "executed": 1162287,
                        "statuses": {
                            "200": 1159913,
                            "502": 2374
                        }
                    },
                    "contexts": []
                }
            ],
            "checks": [],
            "metrics": [],
            "run_id": 5283221697277617065989,
            "rps": 19132.242368254065,
            "elapsed": 60.75017123599537
        }
    }
}