{
    "test": "test",
    "results": {
        "Test": {
            "workflow": "Test",
            "stats": {
                "succeeded": 631974,
                "failed": 383,
                "executed": 632357
            },
            "results": [
                {
                    "workflow": "Test",
                    "step": "login",
                    "timings": {
                        "total": {
                            "max": 2.498086313949898,
                            "min": 0.03504040197003633,
                            "mean": 0.09665359976558542,
                            "med": 0.03894512527040206,
                            "stdev": 0.16725052086527675,
                            "var": 0.027972978660503155,
                            "mad": 0.09336213784505418,
                            "10th_quantile": 0.03721895676571876,
                            "20th_quantile": 0.03763636060757562,
                            "25th_quantile": 0.037822215526830405,
                            "30th_quantile": 0.03801104872254655,
                            "40th_quantile": 0.038425593101419506,
                            "50th_quantile": 0.03894512527040206,
                            "60th_quantile": 0.0398710600216873,
                            "70th_quantile": 0.042422820813953876,
                            "75th_quantile": 0.04622892988845706,
                            "80th_quantile": 0.058889054786413916,
                            "90th_quantile": 0.24316481265705078,
                            "99th_quantile": 0.8039455698896196
                        },
                        "connecting": {
                            "max": 1.2689335889881477,
                            "min": 3.8139987736940384e-06,
                            "mean": 0.0003900336958851241,
                            "med": 1.483902451582253e-05,
                            "stdev": 0.012897545299940423,
                            "var": 0.00016690614132118393,
                            "mad": 0.000749645349622519,
                            "10th_quantile": 7.216271478682757e-06,
                            "20th_quantile": 8.574663661420346e-06,
                            "25th_quantile": 9.044044418260455e-06,
                            "30th_quantile": 9.552948176860809e-06,
                            "40th_quantile": 1.1650961823761463e-05,
                            "50th_quantile": 1.483902451582253e-05,
                            "60th_quantile": 1.6897509340196848e-05,
                            "70th_quantile": 1.8645485397428274e-05,
                            "75th_quantile": 1.9334722310304642e-05,
                            "80th_quantile": 2.0026101265102628e-05,
                            "90th_quantile": 2.1970178931951526e-05,
                            "99th_quantile": 3.350537852384151e-05
                        },
                        "writing": {
                            "max": 0.0004274229286238551,
                            "min": 3.5670818760991096e-06,
                            "mean": 2.4136536373044288e-05,
                            "med": 2.1696498151868582e-05,
                            "stdev": 1.2688063440180197e-05,
                            "var": 1.6098871521626833e-10,
                            "mad": 8.84704147960003e-06,
                            "10th_quantile": 9.944842895492912e-06,
                            "20th_quantile": 1.576576614752412e-05,
                            "25th_quantile": 1.6848731320351362e-05,
                            "30th_quantile": 1.784643391147256e-05,
                            "40th_quantile": 1.9614491611719133e-05,
                            "50th_quantile": 2.1696498151868582e-05,
                            "60th_quantile": 2.5547679979354142e-05,
                            "70th_quantile": 2.985656028613447e-05,
                            "75th_quantile": 3.1773452064953744e-05,
                            "80th_quantile": 3.3598742447793484e-05,
                            "90th_quantile": 3.781222039833665e-05,
                            "99th_quantile": 4.9685424892231794e-05
                        },
                        "reading": {
                            "max": 2.498029005015269,
                            "min": 0.03502134303562343,
                            "mean": 0.09618260868492776,
                            "med": 0.038896141515579075,
                            "stdev": 0.1662376469639169,
                            "var": 0.0276350529165103,
                            "mad": 0.09292680021273216,
                            "10th_quantile": 0.03717097938060761,
                            "20th_quantile": 0.03758726980304346,
                            "25th_quantile": 0.03777549049118534,
                            "30th_quantile": 0.03796225318219513,
                            "40th_quantile": 0.03837630425114184,
                            "50th_quantile": 0.038896141515579075,
                            "60th_quantile": 0.03981842750217765,
                            "70th_quantile": 0.042333865194814274,
                            "75th_quantile": 0.046050877499510534,
                            "80th_quantile": 0.058400179457385105,
                            "90th_quantile": 0.24161479054018864,
                            "99th_quantile": 0.7985092537786111
                        }
                    },
                    "counts": {
                        "succeeded": 631974,
                        "failed": 383,
                        "executed": 632357,
                        "statuses": {
                            "200": 631974,
                            "502": 383
                        }
                    },
                    "contexts": []
                }
            ],
            "checks": [],
            "metrics": [],
            "run_id": 7368694547431664852992,
            "rps": 10520.655961802731,
            "elapsed": 60.10623313754331
        }
    }
}