{
    "test": "test",
    "results": {
        "Test": {
            "workflow": "Test",
            "stats": {
                "succeeded": 1833736,
                "failed": 1656,
                "executed": 1835392
            },
            "results": [
                {
                    "workflow": "Test",
                    "step": "login",
                    "timings": {
                        "total": {
                            "max": 4.505597249954008,
                            "min": 0.03522584307938814,
                            "mean": 0.12753918134618564,
                            "med": 0.057428990432526916,
                            "stdev": 0.19788767814911923,
                            "var": 0.039159595799658796,
                            "mad": 0.10791210944860566,
                            "10th_quantile": 0.039273746102117,
                            "20th_quantile": 0.04091801088070497,
                            "25th_quantile": 0.041955462875193916,
                            "30th_quantile": 0.043321608210681005,
                            "40th_quantile": 0.04789683481212706,
                            "50th_quantile": 0.057428990432526916,
                            "60th_quantile": 0.07369170299498365,
                            "70th_quantile": 0.0977032332564704,
                            "75th_quantile": 0.11312313415692188,
                            "80th_quantile": 0.1330156313837506,
                            "90th_quantile": 0.2631750428816302,
                            "99th_quantile": 0.9938502620067466
                        },
                        "connecting": {
                            "max": 3.923822012031451,
                            "min": 3.9869919419288635e-06,
                            "mean": 0.0022609750603977026,
                            "med": 1.644546864554286e-05,
                            "stdev": 0.057900424300962545,
                            "var": 0.003352696156909519,
                            "mad": 0.004480031874899874,
                            "10th_quantile": 7.1480171754956245e-06,
                            "20th_quantile": 9.504496119916439e-06,
                            "25th_quantile": 1.129502197727561e-05,
                            "30th_quantile": 1.3964518439024685e-05,
                            "40th_quantile": 1.5662459190934896e-05,
                            "50th_quantile": 1.644546864554286e-05,
                            "60th_quantile": 1.7250946257263422e-05,
                            "70th_quantile": 1.8283003009855746e-05,
                            "75th_quantile": 1.9119179341942072e-05,
                            "80th_quantile": 2.0175008103251457e-05,
                            "90th_quantile": 2.2758234990760684e-05,
                            "99th_quantile": 3.301236545667051e-05
                        },
                        "writing": {
                            "max": 0.0016563390381634235,
                            "min": 3.915047273039818e-06,
                            "mean": 2.236249708995856e-05,
                            "med": 2.14471947401762e-05,
                            "stdev": 1.1601681968993019e-05,
                            "var": 1.3459908401247085e-10,
                            "mad": 7.749786367310745e-06,
                            "10th_quantile": 7.657927926629782e-06,
                            "20th_quantile": 1.2697896454483271e-05,
                            "25th_quantile": 1.805752981454134e-05,
                            "30th_quantile": 1.9043975044041872e-05,
                            "40th_quantile": 2.0197476260364056e-05,
                            "50th_quantile": 2.14471947401762e-05,
                            "60th_quantile": 2.2827996872365475e-05,
                            "70th_quantile": 2.4789967574179174e-05,
                            "75th_quantile": 2.6294495910406113e-05,
                            "80th_quantile": 2.9180338606238367e-05,
                            "90th_quantile": 3.6561512388288975e-05,
                            "99th_quantile": 5.1869647577404976e-05
                        },
                        "reading": {
                            "max": 3.451718660071492,
                            "min": 0.035128785064443946,
                            "mean": 0.12555370524591541,
                            "med": 0.05726916698040441,
                            "stdev": 0.18916770506126696,
                            "var": 0.035784438043322764,
                            "mad": 0.10525207767069436,
                            "10th_quantile": 0.03923038501525298,
                            "20th_quantile": 0.04087249460862949,
                            "25th_quantile": 0.0419104237225838,
                            "30th_quantile": 0.043275914934929466,
                            "40th_quantile": 0.04783663271227852,
                            "50th_quantile": 0.05726916698040441,
                            "60th_quantile": 0.0733885008143261,
                            "70th_quantile": 0.09724434301606377,
                            "75th_quantile": 0.11254147338331677,
                            "80th_quantile": 0.1323477045283653,
                            "90th_quantile": 0.25406721242470676,
                            "99th_quantile": 0.9686533406650412
                        }
                    },
                    "counts": {
                        "succeeded": 1833736,
                        "failed": 1656,
                        "executed": 1835392,
                        "statuses": {
                            "200": 1833736,
                            "502": 1656
                        }
                    },
                    "contexts": []
                }
            ],
            "checks": [],
            "metrics": [],
            "run_id": 38018716994824767582208,
            "rps": 29983.541463874553,
            "elapsed": 61.21331605245359
        }
    }
}